Processed_Value,Processed,Ref. no.,Part number,Denotation,Accepted,ntf,Cust. at fault,Consent,Delayed,Log. delayed,Execution_Timestamp
718540,check_notok.gif,042601801,A0009015000,TCU VGS NAG3,,,,,,,2026-03-02 09:07:11
718540,check_ok.gif,392500691,A0009015000,TCU VGS NAG3,,,,,,,2026-03-02 09:07:11
719126,check_notok.gif,052601129,A6549000801,CU COMPL ENG.CTRL. MRD2,,,,,,,2026-03-02 09:07:11
695823,check_notok.gif,092503430,A2149002017,LU STG VST HEADUNIT A-PREMIUM ECE,,,,,,,2026-03-02 09:07:11
695823,check_ok.gif,092503432,A2149002317,LU STG VST HEADUNIT A-PREMIUM ECE,,,,,,,2026-03-02 09:07:11
695823,check_ok.gif,102500392,A2149002317,LU STG VST HEADUNIT A-PREMIUM ECE,,,,,,,2026-03-02 09:07:11
695823,check_ok.gif,102503137,A2149002017,LU STG VST HEADUNIT A-PREMIUM ECE,,,,,,,2026-03-02 09:07:11
695823,check_ok.gif,112501137,A2149007618,LU STG VST HEADUNIT A-PREMIUM ECE,,,,,,,2026-03-02 09:07:11
695823,check_ok.gif,112501253,A2149007618,LU STG VST HEADUNIT A-PREMIUM ECE,,,,,,,2026-03-02 09:07:11
719015,check_ok.gif,042600552,A0009002547,CU COMPL PARK.SYS EQUIPMENTHIGH VAR2,,,,,,,2026-03-02 09:07:11
719015,check_ok.gif,042600571,A0009004151,CU COMPL PARK.SYS EQUIPMENTHIGH VAR2,,,,,,,2026-03-02 09:07:11
719015,check_notok.gif,492501215,A0009006653,CU COMPL PARK.SYS EQUIPMENTHIGH VAR2,,,,,,,2026-03-02 09:07:11
718959,check_notok.gif,042601583,A0009055617,RUSSPARTIKELSENSOR - EGS_PM2.5,,,,,,,2026-03-02 09:07:11
718959,check_ok.gif,042601590,A0009055617,RUSSPARTIKELSENSOR - EGS_PM2.5,,,,,,,2026-03-02 09:07:11
718959,check_ok.gif,042601717,A0009055617,RUSSPARTIKELSENSOR - EGS_PM2.5,,,,,,,2026-03-02 09:07:11
718959,check_ok.gif,042601721,A0009055617,RUSSPARTIKELSENSOR - EGS_PM2.5,,,,,,,2026-03-02 09:07:11
718959,check_ok.gif,052600181,A0009055617,RUSSPARTIKELSENSOR - EGS_PM2.5,,,,,,,2026-03-02 09:07:11
717784,check_ok.gif,022601145,A0009004049,CU COMPL PARK.SYS A-ENTRY VAR2,,,,,,,2026-03-02 09:07:11
717784,check_ok.gif,022601147,A0009008353,CU COMPL PARK.SYS A-ENTRY VAR2,,,,,,,2026-03-02 09:07:11
717784,check_notok.gif,022601150,A0009009253,CU COMPL PARK.SYS EQUIPMENTHIGH VAR2,,,,,,,2026-03-02 09:07:11
717784,check_ok.gif,512500179,A0009002347,CU COMPL PARK.SYS EQUIPMENTHIGH VAR2,,,,,,,2026-03-02 09:07:11
717784,check_ok.gif,512500256,A0009004051,CU COMPL PARK.SYS EQUIPMENTHIGH VAR2,,,,,,,2026-03-02 09:07:11
717784,check_notok.gif,512500775,A0009008753,CU COMPL PARK.SYS EQUIPMENTHIGH VAR2,,,,,,,2026-03-02 09:07:11
717784,check_notok.gif,512500856,A0009002751,CU COMPL PARK.SYS EQUIPMENTHIGH VAR2,,,,,,,2026-03-02 09:07:11
716393,check_notok.gif,482501297,A5409010702,STG-ID HEADUNIT A-PREMIUM++ ECE Gen20x i3,,,,,,,2026-03-02 09:07:11
716386,check_ok.gif,492500345,A2149001717,LU STG VST HEADUNIT A-PREMIUM ECE,,,,,,,2026-03-02 09:07:11
716386,check_notok.gif,492500367,A2149001717,LU STG VST HEADUNIT A-PREMIUM ECE,,,,,,,2026-03-02 09:07:11
716386,check_ok.gif,492500369,A2149001717,LU STG VST HEADUNIT A-PREMIUM ECE,,,,,,,2026-03-02 09:07:11
716386,check_ok.gif,492500376,A2149000820,LU STG VST HEADUNIT A-PREMIUM ECE,,,,,,,2026-03-02 09:07:11
716386,check_ok.gif,492500758,A2149001717,LU STG VST HEADUNIT A-PREMIUM ECE,,,,,,,2026-03-02 09:07:11
716386,check_ok.gif,492500800,A2149001717,LU STG VST HEADUNIT A-PREMIUM ECE,,,,,,,2026-03-02 09:07:11
716386,check_ok.gif,492500857,A5409010702,STG-ID HEADUNIT A-PREMIUM++ ECE Gen20x i3,,,,,,,2026-03-02 09:07:11
714948,check_ok.gif,462501855,A2149001717,LU STG VST HEADUNIT A-PREMIUM ECE,,,,,,,2026-03-02 09:07:11
714948,check_notok.gif,462501865,A2149000812,LU CU Premium+ KI ECE,,,,,,,2026-03-02 09:07:11
714948,check_ok.gif,462501899,A2149001717,LU STG VST HEADUNIT A-PREMIUM ECE,,,,,,,2026-03-02 09:07:11
712608,check_notok.gif,402500573,A5409010702,STG-ID HEADUNIT A-PREMIUM++ ECE Gen20x i3,,,,,,,2026-03-02 09:07:11
701269,check_ok.gif,142501508,A2149002215,CU COMPL HEAD-UNIT PREMIUM-EQUIPMENT USA,,,,,,,2026-03-02 09:07:11
701269,check_notok.gif,142502190,A2149002215,CU COMPL HEAD-UNIT PREMIUM-EQUIPMENT USA,,,,,,,2026-03-02 09:07:11
701269,check_ok.gif,202500887,A2149002317,LU STG VST HEADUNIT A-PREMIUM ECE,,,,,,,2026-03-02 09:07:11
719037,check_notok.gif,032600993,A2045000755,BLOWER / 400 WATT,,,,,,,2026-03-02 09:07:11
719037,check_notok.gif,032601019,A2045000755,BLOWER / 400 WATT,,,,,,,2026-03-02 09:07:11
718858,check_ok.gif,032602085,A2149000515,CU COMPL AIRBAG BR214,,,,,,,2026-03-02 09:07:11
718858,check_notok.gif,042600127,A1779007318,CONTROL   UNIT   COMPLETE,,,,,,,2026-03-02 09:07:11
718858,check_ok.gif,042600199,A2069008821,CU COMPL AIRBAG,,,,,,,2026-03-02 09:07:11
718858,check_ok.gif,042600743,A2149007811,CU COMPL AIRBAG BR214,,,,,,,2026-03-02 09:07:11
718858,check_ok.gif,042601524,A2149006112,CU COMPL AIRBAG BR214,,,,,,,2026-03-02 09:07:11
718858,check_ok.gif,042601690,A2149006112,CU COMPL AIRBAG BR214,,,,,,,2026-03-02 09:07:11
716211,check_notok.gif,482501954,A2054705000,FUEL DELIVERY MODULE DIESEL,,,,,,,2026-03-02 09:07:11
714787,check_notok.gif,452502806,A2054705000,FUEL DELIVERY MODULE DIESEL,,,,,,,2026-03-02 09:07:11
714673,check_notok.gif,462501408,A6549003401,Control Unit OM 654,,,,,,,2026-03-02 09:07:11
713125,check_ok.gif,412502004,A0009825730,STARTER  BATTERY 48V DC/DC CONVERTER INSIDE,,,,,,,2026-03-02 09:07:11
713125,check_ok.gif,432500258,A0009826525,Battery 48VBosch MFA2,,,,,,,2026-03-02 09:07:11
713125,check_ok.gif,432500515,A0009829025,STARTER BATTERY 48V Bosch,,,,,,,2026-03-02 09:07:11
713125,check_ok.gif,432500597,A0009825730,STARTER  BATTERY 48V DC/DC CONVERTER INSIDE,,,,,,,2026-03-02 09:07:11
713125,check_ok.gif,432500644,A0009827824,Battery 48V DC/DC Converter integrated Bosch,,,,,,,2026-03-02 09:07:11
713125,check_ok.gif,432501889,A0009826525,Battery 48VBosch MFA2,,,,,,,2026-03-02 09:07:11
706778,check_ok.gif,302502094,A2149002617,LU STG VST HEADUNIT A-PREMIUM+ CHN,,,,,,,2026-03-02 09:07:11
706778,check_ok.gif,302502104,A2149002017,LU STG VST HEADUNIT A-PREMIUM ECE,,,,,,,2026-03-02 09:07:11
706778,check_ok.gif,302502129,A2149007111,LU STG VST HEADUNIT A-PREMIUM + ECE Gen20x i2,,,,,,,2026-03-02 09:07:11
706778,check_ok.gif,302502130,A2149002617,LU STG VST HEADUNIT A-PREMIUM+ CHN,,,,,,,2026-03-02 09:07:11
706778,check_notok.gif,302502131,A2149002617,LU STG VST HEADUNIT A-PREMIUM+ CHN,,,,,,,2026-03-02 09:07:11
706778,check_ok.gif,312500290,A2149007111,LU STG VST HEADUNIT A-PREMIUM + ECE Gen20x i2,,,,,,,2026-03-02 09:07:11
701771,check_notok.gif,142502194,A2149002215,CU COMPL HEAD-UNIT PREMIUM-EQUIPMENT USA,,,,,,,2026-03-02 09:07:11
694934,check_notok.gif,092503377,A2149002515,STG VST HEADUNIT A-PREMIUM+ JPN,,,,,,,2026-03-02 09:07:11
719382,check_notok.gif,052601974,A2649001200,Control Unit M260/264,,,,,,,2026-03-02 09:07:11
719381,check_notok.gif,052601972,A2549002401,Control unit M254 MRG2,,,,,,,2026-03-02 09:07:11
719352,check_notok.gif,042600964,A2799004100,CU COMPL ENG.CTRL. ME17.7.8 GEN2,,,,,,,2026-03-02 09:07:11
719261,check_ok.gif,042602042,A2979003419,CU COMPL ESP HYDR.UNIT,,,,,,,2026-03-02 09:07:11
719261,check_notok.gif,052600272,A2369002404,CU COMPL ESP HYDR.UNIT,,,,,,,2026-03-02 09:07:11
719195,check_notok.gif,052601137,A6549003901,Control unit OM654 MRD2,,,,,,,2026-03-02 09:07:11
719132,check_notok.gif,052601094,A2549002401,Control unit M254 MRG2,,,,,,,2026-03-02 09:07:11
718865,check_notok.gif,042601196,A2239054210,DISTANCE SENSOR PARKING-SYSTEM LONG COATED RADIAL,,,,,,,2026-03-02 09:07:11
718865,check_ok.gif,042601628,A2239054000,DISTANCE SENSOR PARKING-SYSTEM LONG,,,,,,,2026-03-02 09:07:11
718860,check_ok.gif,042600181,A2069050200,Wheelspeedsensor FA -Bosch,,,,,,,2026-03-02 09:07:11
718860,check_ok.gif,042601186,A2069050200,Wheelspeedsensor FA -Bosch,,,,,,,2026-03-02 09:07:11
718627,check_notok.gif,032602387,A2068201901,WIPER ARM LHD LH,,,,,,,2026-03-02 09:07:11
717590,check_notok.gif,512500228,A2239003438,CU COMPL INTELLIGENT-DRV GEN5,,,,,,,2026-03-02 09:07:11
715682,check_notok.gif,452500694,A2149000812,LU CU Premium+ KI ECE,,,,,,,2026-03-02 09:07:11
715682,check_ok.gif,472500249,A2149002421,LU STG VST HEADUNIT A-PREMIUM ECE,,,,,,,2026-03-02 09:07:11
715682,check_ok.gif,472500823,A2149000320,CU COMPL HEAD-UNIT A-PREMIUM+ ASIA,,,,,,,2026-03-02 09:07:11
715682,check_ok.gif,482500230,A2149005822,CU COMPL HEAD-UNIT PREMIUM-EQUIPMENT ECE,,,,,,,2026-03-02 09:07:11
715682,check_ok.gif,482500385,A2149001717,LU STG VST HEADUNIT A-PREMIUM ECE,,,,,,,2026-03-02 09:07:11
715682,check_ok.gif,482500797,A2149006214,STG VST HEADUNIT A-PREMIUM ECE,,,,,,,2026-03-02 09:07:11
715682,check_ok.gif,482500922,A2149001717,LU STG VST HEADUNIT A-PREMIUM ECE,,,,,,,2026-03-02 09:07:11
715682,check_ok.gif,482501422,A2149002421,LU STG VST HEADUNIT A-PREMIUM ECE,,,,,,,2026-03-02 09:07:11
713878,check_notok.gif,302501296,A4474705302,VS20 FUEL DELIVERY MODULE DIESEL,,,,,,,2026-03-02 09:07:11
713878,check_notok.gif,302501985,A4474705302,VS20 FUEL DELIVERY MODULE DIESEL,,,,,,,2026-03-02 09:07:11
713878,check_notok.gif,322501172,A9074708901,fuel pump,,,,,,,2026-03-02 09:07:11
713878,check_notok.gif,352501226,A4474705302,VS20 FUEL DELIVERY MODULE DIESEL,,,,,,,2026-03-02 09:07:11
713878,check_notok.gif,362500612,A9074706900,fuel pump,,,,,,,2026-03-02 09:07:11
713878,check_notok.gif,372500211,A4474705302,VS20 FUEL DELIVERY MODULE DIESEL,,,,,,,2026-03-02 09:07:11
713878,check_notok.gif,372500212,A4474705302,VS20 FUEL DELIVERY MODULE DIESEL,,,,,,,2026-03-02 09:07:11
713878,check_ok.gif,372500344,A9074708901,fuel pump,,,,,,,2026-03-02 09:07:11
713878,check_notok.gif,372500787,A9074706900,fuel pump,,,,,,,2026-03-02 09:07:11
713878,check_ok.gif,382501944,A9074708901,fuel pump,,,,,,,2026-03-02 09:07:11
713878,check_ok.gif,382502065,A9074708901,fuel pump,,,,,,,2026-03-02 09:07:11
713878,check_ok.gif,392500379,A9074708901,fuel pump,,,,,,,2026-03-02 09:07:11
713878,check_notok.gif,412500172,A4474705302,VS20 FUEL DELIVERY MODULE DIESEL,,,,,,,2026-03-02 09:07:11
713878,check_notok.gif,412501282,A4474705302,VS20 FUEL DELIVERY MODULE DIESEL,,,,,,,2026-03-02 09:07:11
713878,check_notok.gif,412502063,A9074708901,fuel pump,,,,,,,2026-03-02 09:07:11
713878,check_notok.gif,422501862,A4474705302,VS20 FUEL DELIVERY MODULE DIESEL,,,,,,,2026-03-02 09:07:11
713878,check_notok.gif,432502702,A4474705302,VS20 FUEL DELIVERY MODULE DIESEL,,,,,,,2026-03-02 09:07:11
713878,check_notok.gif,442500140,A9074706900,fuel pump,,,,,,,2026-03-02 09:07:11
717935,check_notok.gif,402501638,A2149002215,CU COMPL HEAD-UNIT PREMIUM-EQUIPMENT USA,,,,,,,2026-03-02 09:07:11
717935,check_ok.gif,402501640,A2149001020,CU COMPL HEAD-UNIT PREMIUM-EQUIPMENT USA,,,,,,,2026-03-02 09:07:11
717935,check_ok.gif,432502800,A2149001020,CU COMPL HEAD-UNIT PREMIUM-EQUIPMENT USA,,,,,,,2026-03-02 09:07:11
717935,check_ok.gif,442501479,A2149001020,CU COMPL HEAD-UNIT PREMIUM-EQUIPMENT USA,,,,,,,2026-03-02 09:07:11
717935,check_ok.gif,442501486,A2149007818,LU STG VST HEADUNIT A-PREMIUM USA,,,,,,,2026-03-02 09:07:11
717935,check_ok.gif,502500225,A2149000114,LU STG VST HEADUNIT A-PREMIUM + ECE,,,,,,,2026-03-02 09:07:11
717935,check_ok.gif,502500299,A2149001717,LU STG VST HEADUNIT A-PREMIUM ECE,,,,,,,2026-03-02 09:07:11
717935,check_ok.gif,502500546,A2149001717,LU STG VST HEADUNIT A-PREMIUM ECE,,,,,,,2026-03-02 09:07:11
717935,check_ok.gif,502500548,A2149002615,LU STG VST HEADUNIT A-PREMIUM + ECE,,,,,,,2026-03-02 09:07:11
717935,check_ok.gif,502500584,A2149004622,LU STG VST HEADUNIT A-PREMIUM ECE,,,,,,,2026-03-02 09:07:11
717934,check_ok.gif,402501641,A2149007818,LU STG VST HEADUNIT A-PREMIUM USA,,,,,,,2026-03-02 09:07:11
717934,check_ok.gif,402501642,A2149001917,STG VST HEADUNIT A-PREMIUM USA,,,,,,,2026-03-02 09:07:11
717934,check_ok.gif,442501477,A2149001020,CU COMPL HEAD-UNIT PREMIUM-EQUIPMENT USA,,,,,,,2026-03-02 09:07:11
717934,check_ok.gif,442501478,A2149001020,CU COMPL HEAD-UNIT PREMIUM-EQUIPMENT USA,,,,,,,2026-03-02 09:07:11
717934,check_ok.gif,442501481,A2149001020,CU COMPL HEAD-UNIT PREMIUM-EQUIPMENT USA,,,,,,,2026-03-02 09:07:11
717934,check_notok.gif,452501977,A2149008218,LU STG VST HEADUNIT A-PREMIUM + ECE,,,,,,,2026-03-02 09:07:11
717934,check_ok.gif,462501904,A2149001020,CU COMPL HEAD-UNIT PREMIUM-EQUIPMENT USA,,,,,,,2026-03-02 09:07:11
717934,check_notok.gif,472500110,A2149001120,LU STG VST HEADUNIT A-PREMIUM CHN,,,,,,,2026-03-02 09:07:11
717934,check_ok.gif,492500958,A2149001020,CU COMPL HEAD-UNIT PREMIUM-EQUIPMENT USA,,,,,,,2026-03-02 09:07:11
717934,check_ok.gif,492501654,A2149007818,LU STG VST HEADUNIT A-PREMIUM USA,,,,,,,2026-03-02 09:07:11
717934,check_ok.gif,502501724,A2149001917,STG VST HEADUNIT A-PREMIUM USA,,,,,,,2026-03-02 09:07:11
712694,check_ok.gif,422500191,A2149002317,LU STG VST HEADUNIT A-PREMIUM ECE,,,,,,,2026-03-02 09:07:11
712694,check_notok.gif,422500206,A2149001717,LU STG VST HEADUNIT A-PREMIUM ECE,,,,,,,2026-03-02 09:07:11
712694,check_ok.gif,422500543,A2149000820,LU STG VST HEADUNIT A-PREMIUM ECE,,,,,,,2026-03-02 09:07:11
712694,check_ok.gif,422501450,A2149000812,LU CU Premium+ KI ECE,,,,,,,2026-03-02 09:07:11
705277,check_ok.gif,212501614,A2149002617,LU STG VST HEADUNIT A-PREMIUM+ CHN,,,,,,,2026-03-02 09:07:11
705277,check_ok.gif,232501767,A2149007618,LU STG VST HEADUNIT A-PREMIUM ECE,,,,,,,2026-03-02 09:07:11
705277,check_ok.gif,242500740,A2149001717,LU STG VST HEADUNIT A-PREMIUM ECE,,,,,,,2026-03-02 09:07:11
705277,check_ok.gif,242500743,A2149001717,LU STG VST HEADUNIT A-PREMIUM ECE,,,,,,,2026-03-02 09:07:11
705277,check_notok.gif,242501249,A2149001717,LU STG VST HEADUNIT A-PREMIUM ECE,,,,,,,2026-03-02 09:07:11
705277,check_ok.gif,272500209,A2149007618,LU STG VST HEADUNIT A-PREMIUM ECE,,,,,,,2026-03-02 09:07:11
705277,check_ok.gif,272500884,A2149000820,LU STG VST HEADUNIT A-PREMIUM ECE,,,,,,,2026-03-02 09:07:11
703649,check_ok.gif,192501144,A2149008518,CU VST HEADUNIT A-PREMIUM+ CHN,,,,,,,2026-03-02 09:07:11
703649,check_notok.gif,202501976,A2149002017,LU STG VST HEADUNIT A-PREMIUM ECE,,,,,,,2026-03-02 09:07:11
686150,check_ok.gif,442402385,A2149002915,CU COMPL HEAD-UNIT A-PREMIUM+ CHN,,,,,,,2026-03-02 09:07:11
686150,check_ok.gif,452401094,A2149001717,LU STG VST HEADUNIT A-PREMIUM ECE,,,,,,,2026-03-02 09:07:11
686150,check_notok.gif,452401351,A2149001717,LU STG VST HEADUNIT A-PREMIUM ECE,,,,,,,2026-03-02 09:07:11
686150,check_ok.gif,452401804,A2149006214,STG VST HEADUNIT A-PREMIUM ECE,,,,,,,2026-03-02 09:07:11
686150,check_notok.gif,452402049,A2149001717,LU STG VST HEADUNIT A-PREMIUM ECE,,,,,,,2026-03-02 09:07:11
720012,check_notok.gif,062601453,A6549003201,Control Unit OM 654,,,,,,,2026-03-02 09:07:11
719515,check_notok.gif,062600505,A0009825730,STARTER  BATTERY 48V DC/DC CONVERTER INSIDE,,,,,,,2026-03-02 09:07:11
719515,check_ok.gif,062600506,A0009825730,STARTER  BATTERY 48V DC/DC CONVERTER INSIDE,,,,,,,2026-03-02 09:07:11
719438,check_ok.gif,052601659,A0005450241,"DIAGNOSTIC UNIT, LEAKTIGHTNESS, FUEL TAN(DMTL 2.0)",,,,,,,2026-03-02 09:07:11
719438,check_ok.gif,052601667,A0005450241,"DIAGNOSTIC UNIT, LEAKTIGHTNESS, FUEL TAN(DMTL 2.0)",,,,,,,2026-03-02 09:07:11
719438,check_notok.gif,052601668,A0005450241,"DIAGNOSTIC UNIT, LEAKTIGHTNESS, FUEL TAN(DMTL 2.0)",,,,,,,2026-03-02 09:07:11
719438,check_ok.gif,052601673,A0005450241,"DIAGNOSTIC UNIT, LEAKTIGHTNESS, FUEL TAN(DMTL 2.0)",,,,,,,2026-03-02 09:07:11
719438,check_ok.gif,052601679,A0005450241,"DIAGNOSTIC UNIT, LEAKTIGHTNESS, FUEL TAN(DMTL 2.0)",,,,,,,2026-03-02 09:07:11
719438,check_ok.gif,052601877,A0005450241,"DIAGNOSTIC UNIT, LEAKTIGHTNESS, FUEL TAN(DMTL 2.0)",,,,,,,2026-03-02 09:07:11
719438,check_ok.gif,052601879,A0005450241,"DIAGNOSTIC UNIT, LEAKTIGHTNESS, FUEL TAN(DMTL 2.0)",,,,,,,2026-03-02 09:07:11
719417,check_notok.gif,052600578,A1674700594,Fuel delivery module DIESEL BR167 BOSCH (CZ),,,,,,,2026-03-02 09:07:11
719016,check_ok.gif,042601535,A2540700700,Injector Bosch HDEV-6,,,,,,,2026-03-02 09:07:11
719016,check_ok.gif,042601543,A2540700700,Injector Bosch HDEV-6,,,,,,,2026-03-02 09:07:11
719016,check_ok.gif,042601660,A2540700700,Injector Bosch HDEV-6,,,,,,,2026-03-02 09:07:11
719016,check_ok.gif,042601693,A2540701500,Injector Bosch HDEV-6,,,,,,,2026-03-02 09:07:11
718192,check_notok.gif,032600494,A6540709402,Hochdruckpumpe,,,,,,,2026-03-02 09:07:11
718192,check_ok.gif,032600502,A6540709402,Hochdruckpumpe,,,,,,,2026-03-02 09:07:11
713306,check_ok.gif,402500597,A1779005913,CU COMPL AIRBAG 243,,,,,,,2026-03-02 09:07:11
713306,check_ok.gif,432501704,A2149006012,CU COMPL AIRBAG BR214,,,,,,,2026-03-02 09:07:11
713306,check_notok.gif,432502632,A1779007318,CONTROL   UNIT   COMPLETE,,,,,,,2026-03-02 09:07:11
711092,check_notok.gif,322502272,A0009825730,STARTER  BATTERY 48V DC/DC CONVERTER INSIDE,,,,,,,2026-03-02 09:07:11
711092,check_ok.gif,322502274,A0009827824,Battery 48V DC/DC Converter integrated Bosch,,,,,,,2026-03-02 09:07:11
711092,check_ok.gif,342501509,A0009825730,STARTER  BATTERY 48V DC/DC CONVERTER INSIDE,,,,,,,2026-03-02 09:07:11
711092,check_ok.gif,352502011,A0009825730,STARTER  BATTERY 48V DC/DC CONVERTER INSIDE,,,,,,,2026-03-02 09:07:11
711092,check_ok.gif,352502012,A0009825730,STARTER  BATTERY 48V DC/DC CONVERTER INSIDE,,,,,,,2026-03-02 09:07:11
711092,check_notok.gif,352502014,A0009827824,Battery 48V DC/DC Converter integrated Bosch,,,,,,,2026-03-02 09:07:11
711092,check_ok.gif,362500290,A0009825730,STARTER  BATTERY 48V DC/DC CONVERTER INSIDE,,,,,,,2026-03-02 09:07:11
711092,check_ok.gif,362501585,A0009827824,Battery 48V DC/DC Converter integrated Bosch,,,,,,,2026-03-02 09:07:11
711092,check_ok.gif,372500045,A0009825730,STARTER  BATTERY 48V DC/DC CONVERTER INSIDE,,,,,,,2026-03-02 09:07:11
711092,check_ok.gif,372500207,A0009827824,Battery 48V DC/DC Converter integrated Bosch,,,,,,,2026-03-02 09:07:11
711092,check_ok.gif,372500601,A0009827824,Battery 48V DC/DC Converter integrated Bosch,,,,,,,2026-03-02 09:07:11
711092,check_ok.gif,372501434,A0009827824,Battery 48V DC/DC Converter integrated Bosch,,,,,,,2026-03-02 09:07:11
711092,check_ok.gif,372501435,A0009825730,STARTER  BATTERY 48V DC/DC CONVERTER INSIDE,,,,,,,2026-03-02 09:07:11
690521,check_ok.gif,022500537,A2149001717,LU STG VST HEADUNIT A-PREMIUM ECE,,,,,,,2026-03-02 09:07:11
690521,check_ok.gif,022501610,A2149002317,LU STG VST HEADUNIT A-PREMIUM ECE,,,,,,,2026-03-02 09:07:11
690521,check_ok.gif,022501715,A2149001717,LU STG VST HEADUNIT A-PREMIUM ECE,,,,,,,2026-03-02 09:07:11
690521,check_ok.gif,022501730,A2149001717,LU STG VST HEADUNIT A-PREMIUM ECE,,,,,,,2026-03-02 09:07:11
690521,check_ok.gif,022502070,A2149001717,LU STG VST HEADUNIT A-PREMIUM ECE,,,,,,,2026-03-02 09:07:11
690521,check_ok.gif,032500656,A2149001717,LU STG VST HEADUNIT A-PREMIUM ECE,,,,,,,2026-03-02 09:07:11
690521,check_ok.gif,032500773,A2149001717,LU STG VST HEADUNIT A-PREMIUM ECE,,,,,,,2026-03-02 09:07:11
690521,check_ok.gif,032500788,A2149001717,LU STG VST HEADUNIT A-PREMIUM ECE,,,,,,,2026-03-02 09:07:11
690521,check_ok.gif,032500789,A2149001717,LU STG VST HEADUNIT A-PREMIUM ECE,,,,,,,2026-03-02 09:07:11
690521,check_ok.gif,492400849,A2149001717,LU STG VST HEADUNIT A-PREMIUM ECE,,,,,,,2026-03-02 09:07:11
690521,check_notok.gif,492401466,A2149001717,LU STG VST HEADUNIT A-PREMIUM ECE,,,,,,,2026-03-02 09:07:11
690521,check_ok.gif,492402405,A2149001717,LU STG VST HEADUNIT A-PREMIUM ECE,,,,,,,2026-03-02 09:07:11
690521,check_ok.gif,502400497,A2149001717,LU STG VST HEADUNIT A-PREMIUM ECE,,,,,,,2026-03-02 09:07:11
690521,check_ok.gif,502402161,A2149001717,LU STG VST HEADUNIT A-PREMIUM ECE,,,,,,,2026-03-02 09:07:11
690521,check_ok.gif,502402164,A2149002015,LU STG VST HEADUNIT A-PREMIUM ECE,,,,,,,2026-03-02 09:07:11
690521,check_ok.gif,502402553,A2149002317,LU STG VST HEADUNIT A-PREMIUM ECE,,,,,,,2026-03-02 09:07:11
690521,check_ok.gif,512400229,A2149002015,LU STG VST HEADUNIT A-PREMIUM ECE,,,,,,,2026-03-02 09:07:11
690521,check_ok.gif,512400454,A2149006214,STG VST HEADUNIT A-PREMIUM ECE,,,,,,,2026-03-02 09:07:11
690521,check_ok.gif,512400456,A2149001717,LU STG VST HEADUNIT A-PREMIUM ECE,,,,,,,2026-03-02 09:07:11
690521,check_ok.gif,512400540,A2149002317,LU STG VST HEADUNIT A-PREMIUM ECE,,,,,,,2026-03-02 09:07:11
690521,check_ok.gif,512400950,A2149002317,LU STG VST HEADUNIT A-PREMIUM ECE,,,,,,,2026-03-02 09:07:11
690521,check_ok.gif,512401314,A2149001717,LU STG VST HEADUNIT A-PREMIUM ECE,,,,,,,2026-03-02 09:07:11
690521,check_ok.gif,512401567,A2149001717,LU STG VST HEADUNIT A-PREMIUM ECE,,,,,,,2026-03-02 09:07:11
690521,check_ok.gif,512401574,A2149001717,LU STG VST HEADUNIT A-PREMIUM ECE,,,,,,,2026-03-02 09:07:11
690521,check_ok.gif,512401578,A2149001717,LU STG VST HEADUNIT A-PREMIUM ECE,,,,,,,2026-03-02 09:07:11
719643,check_notok.gif,052600643,A2239054510,DISTANCE SENSOR PARKING-SYSTEM,,,,,,,2026-03-02 09:07:11
719643,check_notok.gif,052601600,A2239054510,DISTANCE SENSOR PARKING-SYSTEM,,,,,,,2026-03-02 09:07:11
719643,check_notok.gif,052601678,A2239054510,DISTANCE SENSOR PARKING-SYSTEM,,,,,,,2026-03-02 09:07:11
719643,check_notok.gif,052601910,A2239054000,DISTANCE SENSOR PARKING-SYSTEM LONG,,,,,,,2026-03-02 09:07:11
719643,check_notok.gif,052601918,A2239054210,DISTANCE SENSOR PARKING-SYSTEM LONG COATED RADIAL,,,,,,,2026-03-02 09:07:11
719643,check_notok.gif,052601992,A2239054510,DISTANCE SENSOR PARKING-SYSTEM,,,,,,,2026-03-02 09:07:11
719760,check_notok.gif,062601156,A6540704301,High Pressure Pump OM654 Bosch,,,,,,,2026-03-02 09:07:11
719749,check_notok.gif,062601151,A4479052704,HFM,,,,,,,2026-03-02 09:07:11
719712,check_ok.gif,062600270,A2149005320,CU COMPL CENTRAL-DISPLAY EQUIPMENT HIGH,,,,,,,2026-03-02 09:07:11
719712,check_notok.gif,062600313,A2149005320,CU COMPL CENTRAL-DISPLAY EQUIPMENT HIGH,,,,,,,2026-03-02 09:07:11
719573,check_notok.gif,052600696,A0009055617,RUSSPARTIKELSENSOR - EGS_PM2.5,,,,,,,2026-03-02 09:07:11
719483,check_notok.gif,052600694,A6540704301,High Pressure Pump OM654 Bosch,,,,,,,2026-03-02 09:07:11
719475,check_ok.gif,052600713,A2540700400,High pressure pump Bosch 254,,,,,,,2026-03-02 09:07:11
719201,check_notok.gif,052601161,A2149006222,LU STG VST HEADUNIT A-PREMIUM ECE,,,,,,,2026-03-02 09:07:11
719133,check_notok.gif,032600525,A2149002015,LU STG VST HEADUNIT A-PREMIUM ECE,,,,,,,2026-03-02 09:07:11
719133,check_notok.gif,052600151,A2149006222,LU STG VST HEADUNIT A-PREMIUM ECE,,,,,,,2026-03-02 09:07:11
719133,check_notok.gif,052600155,A2149006222,LU STG VST HEADUNIT A-PREMIUM ECE,,,,,,,2026-03-02 09:07:11
719133,check_notok.gif,052600160,A2149006222,LU STG VST HEADUNIT A-PREMIUM ECE,,,,,,,2026-03-02 09:07:11
719133,check_notok.gif,052600188,A2149006222,LU STG VST HEADUNIT A-PREMIUM ECE,,,,,,,2026-03-02 09:07:11
719133,check_notok.gif,052600253,A2149001717,LU STG VST HEADUNIT A-PREMIUM ECE,,,,,,,2026-03-02 09:07:11
719133,check_ok.gif,052600278,A2149000820,LU STG VST HEADUNIT A-PREMIUM ECE,,,,,,,2026-03-02 09:07:11
719133,check_ok.gif,052600284,A2149001717,LU STG VST HEADUNIT A-PREMIUM ECE,,,,,,,2026-03-02 09:07:11
719133,check_ok.gif,052600692,A2149002317,LU STG VST HEADUNIT A-PREMIUM ECE,,,,,,,2026-03-02 09:07:11
712069,check_notok.gif,332501165,A2149002915,CU COMPL HEAD-UNIT A-PREMIUM+ CHN,,,,,,,2026-03-02 09:07:11
712069,check_notok.gif,362501704,A2149002017,LU STG VST HEADUNIT A-PREMIUM ECE,,,,,,,2026-03-02 09:07:11
712069,check_ok.gif,372500126,A2149001120,LU STG VST HEADUNIT A-PREMIUM CHN,,,,,,,2026-03-02 09:07:11
712069,check_ok.gif,382500351,A2149001420,CU COMPL HEAD-UNIT PREMIUM-EQUIPMENT CHN,,,,,,,2026-03-02 09:07:11
712069,check_ok.gif,392500929,A2149001717,LU STG VST HEADUNIT A-PREMIUM ECE,,,,,,,2026-03-02 09:07:11
712069,check_ok.gif,392501646,A2149001720,LU STG VST HEADUNIT A-PREMIUM+ CHN,,,,,,,2026-03-02 09:07:11
712069,check_ok.gif,392501653,A2149002915,CU COMPL HEAD-UNIT A-PREMIUM+ CHN,,,,,,,2026-03-02 09:07:11
712069,check_ok.gif,392501655,A2149002915,CU COMPL HEAD-UNIT A-PREMIUM+ CHN,,,,,,,2026-03-02 09:07:11
712069,check_ok.gif,402501368,A2149007618,LU STG VST HEADUNIT A-PREMIUM ECE,,,,,,,2026-03-02 09:07:11
719857,check_notok.gif,062601495,A6540709402,Hochdruckpumpe,,,,,,,2026-03-02 09:07:11
719683,check_notok.gif,502501274,A2569002300,CU CPL MR O-MOT MRG3,,,,,,,2026-03-02 09:07:11
719682,check_notok.gif,492500964,A1779005808,Control Unit M177,,,,,,,2026-03-02 09:07:11
719678,check_notok.gif,492501843,A2569003100,Control Unit M256,,,,,,,2026-03-02 09:07:11
719635,check_notok.gif,052600671,A1390704000,Port Injection Valve,,,,,,,2026-03-02 09:07:11
719635,check_notok.gif,052600789,A1390704000,Port Injection Valve,,,,,,,2026-03-02 09:07:11
719635,check_notok.gif,062600756,A1390704000,Port Injection Valve,,,,,,,2026-03-02 09:07:11
719635,check_notok.gif,062600757,A1390704000,Port Injection Valve,,,,,,,2026-03-02 09:07:11
719635,check_notok.gif,062600758,A1390704000,Port Injection Valve,,,,,,,2026-03-02 09:07:11
719635,check_notok.gif,062600759,A1390704000,Port Injection Valve,,,,,,,2026-03-02 09:07:11
719635,check_notok.gif,062600760,A1390704000,Port Injection Valve,,,,,,,2026-03-02 09:07:11
719635,check_notok.gif,062600761,A1390704000,Port Injection Valve,,,,,,,2026-03-02 09:07:11
719597,check_notok.gif,052600687,A0009004051,CU COMPL PARK.SYS EQUIPMENTHIGH VAR2,,,,,,,2026-03-02 09:07:11
719597,check_ok.gif,052601490,A0009002247,CU COMPL PARK.SYS A-ENTRY VAR2,,,,,,,2026-03-02 09:07:11
719529,check_notok.gif,492501196,A2820702800,INJEKTOR MIT DUESE,,,,,,,2026-03-02 09:07:11
719529,check_notok.gif,492501197,A2820702800,INJEKTOR MIT DUESE,,,,,,,2026-03-02 09:07:11
719529,check_notok.gif,492501198,A2820702800,INJEKTOR MIT DUESE,,,,,,,2026-03-02 09:07:11
719529,check_notok.gif,492501199,A2820702800,INJEKTOR MIT DUESE,,,,,,,2026-03-02 09:07:11
719467,check_notok.gif,042601544,A6540700087,INJECTION,,,,,,,2026-03-02 09:07:11
718258,check_ok.gif,032600941,A2149006112,CU COMPL AIRBAG BR214,,,,,,,2026-03-02 09:07:11
718258,check_ok.gif,032601594,A2149006112,CU COMPL AIRBAG BR214,,,,,,,2026-03-02 09:07:11
718258,check_notok.gif,032601615,A1779006116,CU COMPL AIRBAG,,,,,,,2026-03-02 09:07:11
717737,check_ok.gif,512501799,A5409010702,STG-ID HEADUNIT A-PREMIUM++ ECE Gen20x i3,,,,,,,2026-03-02 09:07:11
717737,check_ok.gif,512502049,A2149001817,STG VST HEADUNIT A-PREMIUM ROW,,,,,,,2026-03-02 09:07:11
717737,check_notok.gif,512502051,A2149005722,STG VST HEADUNIT A-PREMIUM+ JPN,,,,,,,2026-03-02 09:07:11
701681,check_notok.gif,202502119,A2149007618,LU STG VST HEADUNIT A-PREMIUM ECE,,,,,,,2026-03-02 09:07:11
701681,check_ok.gif,212500034,A2149007618,LU STG VST HEADUNIT A-PREMIUM ECE,,,,,,,2026-03-02 09:07:11
701681,check_notok.gif,212500844,A2149007618,LU STG VST HEADUNIT A-PREMIUM ECE,,,,,,,2026-03-02 09:07:11
720877,check_notok.gif,082600881,A2449018300,CU-ID SAM VAR3,,,,,,,2026-03-02 09:07:11
719899,check_notok.gif,062600778,A2068202101,WIPER ARM LHD RH,,,,,,,2026-03-02 09:07:11
719789,check_notok.gif,052600564,A2064609902,STEERING GEAR LHD FAMS,,,,,,,2026-03-02 09:07:11
719789,check_notok.gif,052600590,A2974606201,STEERING GEAR LL 4-wheel drive R297 EQS,,,,,,,2026-03-02 09:07:11
719685,check_notok.gif,442501105,A2549006200,Control Unit MRG2 M254,,,,,,,2026-03-02 09:07:11
719685,check_notok.gif,442501742,A2549002401,Control unit M254 MRG2,,,,,,,2026-03-02 09:07:11
719685,check_notok.gif,462501215,A2549002401,Control unit M254 MRG2,,,,,,,2026-03-02 09:07:11
719685,check_notok.gif,462501532,A2549006200,Control Unit MRG2 M254,,,,,,,2026-03-02 09:07:11
719685,check_notok.gif,482501510,A2549002401,Control unit M254 MRG2,,,,,,,2026-03-02 09:07:11
719685,check_notok.gif,492501338,A2549002401,Control unit M254 MRG2,,,,,,,2026-03-02 09:07:11
719685,check_notok.gif,502501300,A2549006200,Control Unit MRG2 M254,,,,,,,2026-03-02 09:07:11
708699,check_notok.gif,222501782,A2149002215,CU COMPL HEAD-UNIT PREMIUM-EQUIPMENT USA,,,,,,,2026-03-02 09:07:11
708699,check_notok.gif,222501855,A2149002215,CU COMPL HEAD-UNIT PREMIUM-EQUIPMENT USA,,,,,,,2026-03-02 09:07:11
708699,check_notok.gif,242500946,A2149002215,CU COMPL HEAD-UNIT PREMIUM-EQUIPMENT USA,,,,,,,2026-03-02 09:07:11
720984,check_notok.gif,082600911,A5409010702,STG-ID HEADUNIT A-PREMIUM++ ECE Gen20x i3,,,,,,,2026-03-02 09:07:11
720092,check_notok.gif,062601637,A2069050200,Wheelspeedsensor FA -Bosch,,,,,,,2026-03-02 09:07:11
720054,check_notok.gif,062601469,A2549006200,Control Unit MRG2 M254,,,,,,,2026-03-02 09:07:11
720054,check_notok.gif,062601475,A2549002401,Control unit M254 MRG2,,,,,,,2026-03-02 09:07:11
720052,check_notok.gif,062601457,A6549009500,Control unit OM 654,,,,,,,2026-03-02 09:07:11
720052,check_notok.gif,062601461,A6549003201,Control Unit OM 654,,,,,,,2026-03-02 09:07:11
720047,check_notok.gif,352502055,A0005450241,"DIAGNOSTIC UNIT, LEAKTIGHTNESS, FUEL TAN(DMTL 2.0)",,,,,,,2026-03-02 09:07:11
720047,check_notok.gif,472500588,A0005450241,"DIAGNOSTIC UNIT, LEAKTIGHTNESS, FUEL TAN(DMTL 2.0)",,,,,,,2026-03-02 09:07:11
720047,check_notok.gif,482500049,A0005450241,"DIAGNOSTIC UNIT, LEAKTIGHTNESS, FUEL TAN(DMTL 2.0)",,,,,,,2026-03-02 09:07:11
719832,check_ok.gif,012600582,A0009059013,RADAR SENSOR SHORT COLL.WARN.SYS.,,,,,,,2026-03-02 09:07:11
719832,check_notok.gif,052601637,A0009056121,RADARSENSOR FRONT BOSCH GEN5,,,,,,,2026-03-02 09:07:11
719832,check_notok.gif,062600236,A0009056121,RADARSENSOR FRONT BOSCH GEN5,,,,,,,2026-03-02 09:07:11
719832,check_notok.gif,062600254,A0009056121,RADARSENSOR FRONT BOSCH GEN5,,,,,,,2026-03-02 09:07:11
719756,check_notok.gif,062601086,A2540701500,Injector Bosch HDEV-6,,,,,,,2026-03-02 09:07:11
719636,check_notok.gif,052600672,A2560705600,Injector Bosch HDEV-4.2,,,,,,,2026-03-02 09:07:11
719636,check_notok.gif,052600790,A2560705600,Injector Bosch HDEV-4.2,,,,,,,2026-03-02 09:07:11
719636,check_notok.gif,062600753,A2560705600,Injector Bosch HDEV-4.2,,,,,,,2026-03-02 09:07:11
719636,check_notok.gif,062600754,A2560705600,Injector Bosch HDEV-4.2,,,,,,,2026-03-02 09:07:11
719636,check_notok.gif,062600755,A2560705600,Injector Bosch HDEV-4.2,,,,,,,2026-03-02 09:07:11
719636,check_notok.gif,062600762,A2560705600,Injector Bosch HDEV-4.2,,,,,,,2026-03-02 09:07:11
719636,check_notok.gif,062600764,A2560705600,Injector Bosch HDEV-4.2,,,,,,,2026-03-02 09:07:11
719636,check_notok.gif,062600765,A2560705600,Injector Bosch HDEV-4.2,,,,,,,2026-03-02 09:07:11
719530,check_ok.gif,012600348,A2540700700,Injector Bosch HDEV-6,,,,,,,2026-03-02 09:07:11
719530,check_notok.gif,052601980,A2540700700,Injector Bosch HDEV-6,,,,,,,2026-03-02 09:07:11
719530,check_notok.gif,492501206,A2540701500,Injector Bosch HDEV-6,,,,,,,2026-03-02 09:07:11
719530,check_ok.gif,492501560,A2540701500,Injector Bosch HDEV-6,,,,,,,2026-03-02 09:07:11
719496,check_notok.gif,012600349,A2560705600,Injector Bosch HDEV-4.2,,,,,,,2026-03-02 09:07:11
716812,check_notok.gif,502501500,A6540709402,Hochdruckpumpe,,,,,,,2026-03-02 09:07:11
705835,check_ok.gif,262502441,A2149002315,CU COMPL HEAD-UNIT PREMIUM-EQUIPMENT CHN,,,,,,,2026-03-02 09:07:11
705835,check_ok.gif,262502451,A2149002315,CU COMPL HEAD-UNIT PREMIUM-EQUIPMENT CHN,,,,,,,2026-03-02 09:07:11
705835,check_notok.gif,282501969,A2149001420,CU COMPL HEAD-UNIT PREMIUM-EQUIPMENT CHN,,,,,,,2026-03-02 09:07:11
705835,check_ok.gif,282502632,A2149000820,LU STG VST HEADUNIT A-PREMIUM ECE,,,,,,,2026-03-02 09:07:11
721013,check_notok.gif,032600098,A5409010702,STG-ID HEADUNIT A-PREMIUM++ ECE Gen20x i3,,,,,,,2026-03-02 09:07:11
720442,check_notok.gif,052600246,A2443404000,eATS 1.6 Bosch,,,,,,,2026-03-02 09:07:11
720169,check_notok.gif,072600133,A5409010702,STG-ID HEADUNIT A-PREMIUM++ ECE Gen20x i3,,,,,,,2026-03-02 09:07:11
720169,check_ok.gif,072600309,A5409010702,STG-ID HEADUNIT A-PREMIUM++ ECE Gen20x i3,,,,,,,2026-03-02 09:07:11
720122,check_ok.gif,472500288,A7255460500,cable position sensor e-engine Bosch,,,,,,,2026-03-02 09:07:11
720081,check_notok.gif,062601510,A6540700187,INJECTOR FOR COMMON RAIL,,,,,,,2026-03-02 09:07:11
720081,check_notok.gif,062601511,A6540700187,INJECTOR FOR COMMON RAIL,,,,,,,2026-03-02 09:07:11
720081,check_notok.gif,062601512,A6540700187,INJECTOR FOR COMMON RAIL,,,,,,,2026-03-02 09:07:11
720081,check_notok.gif,062601514,A6540700187,INJECTOR FOR COMMON RAIL,,,,,,,2026-03-02 09:07:11
720050,check_notok.gif,062601685,A6549000901,Control Unit MR MRD2.1 OM654,,,,,,,2026-03-02 09:07:11
720050,check_notok.gif,062601686,A6549000901,Control Unit MR MRD2.1 OM654,,,,,,,2026-03-02 09:07:11
720050,check_notok.gif,062601687,A6549000901,Control Unit MR MRD2.1 OM654,,,,,,,2026-03-02 09:07:11
719925,check_notok.gif,062601580,A2443404000,eATS 1.6 Bosch,,,,,,,2026-03-02 09:07:11
719864,check_notok.gif,062601454,A2540701500,Injector Bosch HDEV-6,,,,,,,2026-03-02 09:07:11
719864,check_notok.gif,062601500,A2540701500,Injector Bosch HDEV-6,,,,,,,2026-03-02 09:07:11
719864,check_ok.gif,062601539,A2540701500,Injector Bosch HDEV-6,,,,,,,2026-03-02 09:07:11
719864,check_notok.gif,062601540,A2540701500,Injector Bosch HDEV-6,,,,,,,2026-03-02 09:07:11
718527,check_notok.gif,032600236,A2443404000,eATS 1.6 Bosch,,,,,,,2026-03-02 09:07:11
718150,check_notok.gif,032600306,A2054705000,FUEL DELIVERY MODULE DIESEL,,,,,,,2026-03-02 09:07:11
714799,check_notok.gif,462501813,A6549003901,Control unit OM654 MRD2,,,,,,,2026-03-02 09:07:11
704183,check_ok.gif,252501193,A2149000820,LU STG VST HEADUNIT A-PREMIUM ECE,,,,,,,2026-03-02 09:07:11
704183,check_notok.gif,252501769,A2149002117,CU COMPL HEAD-UNIT PREMIUM-EQUIPMENT ASIA,,,,,,,2026-03-02 09:07:11
700454,check_notok.gif,182501744,A2149001717,LU STG VST HEADUNIT A-PREMIUM ECE,,,,,,,2026-03-02 09:07:11
720219,check_notok.gif,062601661,A2239054510,DISTANCE SENSOR PARKING-SYSTEM,,,,,,,2026-03-02 09:07:11
721133,check_notok.gif,092600930,A1749012006,CU COMPL CENT.CTRL INTERIOR VAR3,,,,,,,2026-03-02 09:07:11
720460,check_notok.gif,072600790,A2239054210,DISTANCE SENSOR PARKING-SYSTEM LONG COATED RADIAL,,,,,,,2026-03-02 09:07:11
721095,check_notok.gif,082600138,A0009007154,CU COMPL RADAR-SENSOR SHORT COLL.WARN.SYS,,,,,,,2026-03-02 09:07:11
720305,check_notok.gif,062600323,A2569002300,CU CPL MR O-MOT MRG3,,,,,,,2026-03-02 09:07:11
720301,check_notok.gif,052601485,A1779005708,Control Unit M177,,,,,,,2026-03-02 09:07:11
720220,check_ok.gif,052601133,A0009015000,TCU VGS NAG3,,,,,,,2026-03-02 09:07:11
720220,check_ok.gif,062601997,A0009015000,TCU VGS NAG3,,,,,,,2026-03-02 09:07:11
720434,check_ok.gif,072600347,A2549050502,POSITION SENSOR CAMSHAFT Bosch,,,,,,,2026-03-02 09:07:11
720431,check_ok.gif,072601175,A0091538528,Charge air pressure sensor digital,,,,,,,2026-03-02 09:07:11
720410,check_notok.gif,072600503,A2068202501,SET WIPER BLADE LHD,,,,,,,2026-03-02 09:07:11
720410,check_notok.gif,072601288,A2068202101,WIPER ARM LHD RH,,,,,,,2026-03-02 09:07:11
720376,check_notok.gif,072601248,A6549003201,Control Unit OM 654,,,,,,,2026-03-02 09:07:11
720232,check_notok.gif,072600337,A6540709402,Hochdruckpumpe,,,,,,,2026-03-02 09:07:11
720075,check_notok.gif,492500970,A2540701500,Injector Bosch HDEV-6,,,,,,,2026-03-02 09:07:11
720075,check_notok.gif,492500971,A2540701500,Injector Bosch HDEV-6,,,,,,,2026-03-02 09:07:11
720075,check_notok.gif,492500972,A2540701500,Injector Bosch HDEV-6,,,,,,,2026-03-02 09:07:11
720074,check_notok.gif,502501207,A2560705600,Injector Bosch HDEV-4.2,,,,,,,2026-03-02 09:07:11
710261,check_ok.gif,292500746,A2149001020,CU COMPL HEAD-UNIT PREMIUM-EQUIPMENT USA,,,,,,,2026-03-02 09:07:11
710261,check_ok.gif,332500465,A2149001917,STG VST HEADUNIT A-PREMIUM USA,,,,,,,2026-03-02 09:07:11
710261,check_ok.gif,342502295,A2149001020,CU COMPL HEAD-UNIT PREMIUM-EQUIPMENT USA,,,,,,,2026-03-02 09:07:11
710261,check_ok.gif,362501055,A2149007818,LU STG VST HEADUNIT A-PREMIUM USA,,,,,,,2026-03-02 09:07:11
710261,check_ok.gif,372500274,A2149000820,LU STG VST HEADUNIT A-PREMIUM ECE,,,,,,,2026-03-02 09:07:11
710261,check_ok.gif,372501569,A2149007618,LU STG VST HEADUNIT A-PREMIUM ECE,,,,,,,2026-03-02 09:07:11
710261,check_notok.gif,372501678,A2149006814,LU STG VST HEADUNIT A-PREMIUM + ECE Gen20x i2,,,,,,,2026-03-02 09:07:11
710261,check_ok.gif,372502117,A2149001717,LU STG VST HEADUNIT A-PREMIUM ECE,,,,,,,2026-03-02 09:07:11
710261,check_ok.gif,372502153,A2149001120,LU STG VST HEADUNIT A-PREMIUM CHN,,,,,,,2026-03-02 09:07:11
710261,check_ok.gif,372502154,A2149001717,LU STG VST HEADUNIT A-PREMIUM ECE,,,,,,,2026-03-02 09:07:11
720518,check_notok.gif,072600244,A2239005843,CU COMPL INTELLIGENT-DRV GEN5,,,,,,,2026-03-02 09:07:11
720433,check_notok.gif,072600841,A6540700087,INJECTION,,,,,,,2026-03-02 09:07:11
719673,check_notok.gif,032600505,A0009825730,STARTER  BATTERY 48V DC/DC CONVERTER INSIDE,,,,,,,2026-03-02 09:07:11
719673,check_notok.gif,032600507,A0009825730,STARTER  BATTERY 48V DC/DC CONVERTER INSIDE,,,,,,,2026-03-02 09:07:11
719668,check_notok.gif,062600942,A0009827824,Battery 48V DC/DC Converter integrated Bosch,,,,,,,2026-03-02 09:07:11
719668,check_notok.gif,062600943,A0009827824,Battery 48V DC/DC Converter integrated Bosch,,,,,,,2026-03-02 09:07:11
719668,check_notok.gif,062600945,A0009827824,Battery 48V DC/DC Converter integrated Bosch,,,,,,,2026-03-02 09:07:11
719668,check_notok.gif,062600946,A0009827824,Battery 48V DC/DC Converter integrated Bosch,,,,,,,2026-03-02 09:07:11
719668,check_notok.gif,062600947,A0009827824,Battery 48V DC/DC Converter integrated Bosch,,,,,,,2026-03-02 09:07:11
719668,check_notok.gif,062600948,A0009827824,Battery 48V DC/DC Converter integrated Bosch,,,,,,,2026-03-02 09:07:11
716356,check_notok.gif,442500784,A2148209802,DISPLAY CLUSTER LHD EQUIPMENTHIGH DUAL-VIEW,,,,,,,2026-03-02 09:07:11
716356,check_ok.gif,442501700,A2148209202,DISPLAY CLUSTER LHD EQUIPMENTHIGH DUAL-VIEW,,,,,,,2026-03-02 09:07:11
715574,check_notok.gif,482500924,A2149005320,CU COMPL CENTRAL-DISPLAY EQUIPMENT HIGH,,,,,,,2026-03-02 09:07:11
720643,check_notok.gif,072601226,A0009004249,CU COMPL PARK.SYS EQUIPMENTHIGH VAR2,,,,,,,2026-03-02 09:07:11
720643,check_notok.gif,072601303,A0009004151,CU COMPL PARK.SYS EQUIPMENTHIGH VAR2,,,,,,,2026-03-02 09:07:11
720643,check_notok.gif,072601594,A0009004249,CU COMPL PARK.SYS EQUIPMENTHIGH VAR2,,,,,,,2026-03-02 09:07:11
720610,check_notok.gif,082600093,A6549003201,Control Unit OM 654,,,,,,,2026-03-02 09:07:11
720609,check_notok.gif,072601476,A1674700594,Fuel delivery module DIESEL BR167 BOSCH (CZ),,,,,,,2026-03-02 09:07:11
720609,check_notok.gif,072601633,A2064704701,FUEL DELIVERY MODULE DIESEL,,,,,,,2026-03-02 09:07:11
720567,check_notok.gif,072600465,A2069007619,CU COMPL AIRBAG 254,,,,,,,2026-03-02 09:07:11
720567,check_notok.gif,072600781,A2149006012,CU COMPL AIRBAG BR214,,,,,,,2026-03-02 09:07:11
720567,check_notok.gif,072601621,A2149006112,CU COMPL AIRBAG BR214,,,,,,,2026-03-02 09:07:11
720428,check_notok.gif,072601170,A2540701500,Injector Bosch HDEV-6,,,,,,,2026-03-02 09:07:11
720428,check_notok.gif,072601200,A2540701500,Injector Bosch HDEV-6,,,,,,,2026-03-02 09:07:11
720428,check_notok.gif,072601202,A2540701500,Injector Bosch HDEV-6,,,,,,,2026-03-02 09:07:11
720428,check_notok.gif,072601203,A2540701500,Injector Bosch HDEV-6,,,,,,,2026-03-02 09:07:11
720428,check_notok.gif,072601204,A2540701500,Injector Bosch HDEV-6,,,,,,,2026-03-02 09:07:11
720428,check_notok.gif,072601205,A2540701500,Injector Bosch HDEV-6,,,,,,,2026-03-02 09:07:11
720428,check_notok.gif,072601206,A2540701500,Injector Bosch HDEV-6,,,,,,,2026-03-02 09:07:11
720246,check_notok.gif,472500899,A2560700187,Injector Bosch HDEV-4.2,,,,,,,2026-03-02 09:07:11
720246,check_notok.gif,472500900,A2560700187,Injector Bosch HDEV-4.2,,,,,,,2026-03-02 09:07:11
720246,check_notok.gif,472500902,A2560700187,Injector Bosch HDEV-4.2,,,,,,,2026-03-02 09:07:11
720823,check_notok.gif,082600040,A2068202101,WIPER ARM LHD RH,,,,,,,2026-03-02 09:07:11
720823,check_notok.gif,082600041,A2068202101,WIPER ARM LHD RH,,,,,,,2026-03-02 09:07:11
720690,check_notok.gif,052601526,A2149007618,LU STG VST HEADUNIT A-PREMIUM ECE,,,,,,,2026-03-02 09:07:11
720690,check_ok.gif,062601660,A2149008218,LU STG VST HEADUNIT A-PREMIUM + ECE,,,,,,,2026-03-02 09:07:11
720690,check_notok.gif,072600886,A2149004622,LU STG VST HEADUNIT A-PREMIUM ECE,,,,,,,2026-03-02 09:07:11
720690,check_notok.gif,072601258,A5409010702,STG-ID HEADUNIT A-PREMIUM++ ECE Gen20x i3,,,,,,,2026-03-02 09:07:11
720690,check_notok.gif,072601452,A2149004622,LU STG VST HEADUNIT A-PREMIUM ECE,,,,,,,2026-03-02 09:07:11
720690,check_ok.gif,072601908,A2149004622,LU STG VST HEADUNIT A-PREMIUM ECE,,,,,,,2026-03-02 09:07:11
720687,check_notok.gif,022601226,A2149001020,CU COMPL HEAD-UNIT PREMIUM-EQUIPMENT USA,,,,,,,2026-03-02 09:07:11
720687,check_ok.gif,032601193,A2149007818,LU STG VST HEADUNIT A-PREMIUM USA,,,,,,,2026-03-02 09:07:11
720687,check_notok.gif,042601276,A2149005221,CU COMPL HEAD-UNIT PREMIUM-EQUIPMENT USA,,,,,,,2026-03-02 09:07:11
720687,check_ok.gif,052601008,A2149002915,CU COMPL HEAD-UNIT A-PREMIUM+ CHN,,,,,,,2026-03-02 09:07:11
720687,check_ok.gif,052601009,A2149002915,CU COMPL HEAD-UNIT A-PREMIUM+ CHN,,,,,,,2026-03-02 09:07:11
720687,check_notok.gif,072601122,A2149004822,CU COMPL HEAD-UNIT PREMIUM-EQUIPMENT USA,,,,,,,2026-03-02 09:07:11
720687,check_ok.gif,072601449,A2149006422,CU COMPL HEAD-UNIT A-PREMIUM+ CHN,,,,,,,2026-03-02 09:07:11
720859,check_notok.gif,082600307,A0009015000,TCU VGS NAG3,,,,,,,2026-03-02 09:07:11
720859,check_notok.gif,082600357,A0009015000,TCU VGS NAG3,,,,,,,2026-03-02 09:07:11
720859,check_notok.gif,082600358,A0009015000,TCU VGS NAG3,,,,,,,2026-03-02 09:07:11
720841,check_notok.gif,072601571,A6540704301,High Pressure Pump OM654 Bosch,,,,,,,2026-03-02 09:07:11
720841,check_notok.gif,072601870,A6540709402,Hochdruckpumpe,,,,,,,2026-03-02 09:07:11
720841,check_notok.gif,082600506,A6540709402,Hochdruckpumpe,,,,,,,2026-03-02 09:07:11
720841,check_notok.gif,082600511,A6540704401,Hochdruckpumpe Bosch,,,,,,,2026-03-02 09:07:11
720833,check_notok.gif,072601869,A4479052704,HFM,,,,,,,2026-03-02 09:07:11
720759,check_notok.gif,072601144,A2549050500,Pressure sensor fuel,,,,,,,2026-03-02 09:07:11
720892,check_notok.gif,082600071,A2069058704,PRESSURE SENSOR PED.PROT.,,,,,,,2026-03-02 09:07:11
720695,check_ok.gif,062601189,A0009015000,TCU VGS NAG3,,,,,,,2026-03-02 09:07:11
714660,check_notok.gif,462501377,A0009827824,Battery 48V DC/DC Converter integrated Bosch,,,,,,,2026-03-02 09:07:11
714660,check_notok.gif,462501378,A0009825730,STARTER  BATTERY 48V DC/DC CONVERTER INSIDE,,,,,,,2026-03-02 09:07:11
720954,check_notok.gif,082600699,A2064704701,FUEL DELIVERY MODULE DIESEL,,,,,,,2026-03-02 09:07:11
720917,check_notok.gif,062601509,A2149001717,LU STG VST HEADUNIT A-PREMIUM ECE,,,,,,,2026-03-02 09:07:11
720917,check_notok.gif,062601517,A2149001717,LU STG VST HEADUNIT A-PREMIUM ECE,,,,,,,2026-03-02 09:07:11
720917,check_notok.gif,062601676,A2149001717,LU STG VST HEADUNIT A-PREMIUM ECE,,,,,,,2026-03-02 09:07:11
720917,check_notok.gif,062601697,A2149001717,LU STG VST HEADUNIT A-PREMIUM ECE,,,,,,,2026-03-02 09:07:11
720917,check_notok.gif,072601692,A2149001717,LU STG VST HEADUNIT A-PREMIUM ECE,,,,,,,2026-03-02 09:07:11
720917,check_notok.gif,072601859,A2149001717,LU STG VST HEADUNIT A-PREMIUM ECE,,,,,,,2026-03-02 09:07:11
720937,check_notok.gif,042600185,A0009824027,STARTER BATTERY 48V Bosch,,,,,,,2026-03-02 09:07:11
720937,check_notok.gif,052601875,A0009824027,STARTER BATTERY 48V Bosch,,,,,,,2026-03-02 09:07:11
720937,check_notok.gif,052601912,A0009824027,STARTER BATTERY 48V Bosch,,,,,,,2026-03-02 09:07:11
720937,check_notok.gif,082600579,A0009825730,STARTER  BATTERY 48V DC/DC CONVERTER INSIDE,,,,,,,2026-03-02 09:07:11
720937,check_notok.gif,082600693,A0009825730,STARTER  BATTERY 48V DC/DC CONVERTER INSIDE,,,,,,,2026-03-02 09:07:11
720996,check_notok.gif,082601069,A6540709402,Hochdruckpumpe,,,,,,,2026-03-02 09:07:11
720942,check_notok.gif,082600110,A2069005717,CU COMPL AIRBAG,,,,,,,2026-03-02 09:07:11
720942,check_notok.gif,082600772,A2149000515,CU COMPL AIRBAG BR214,,,,,,,2026-03-02 09:07:11
720942,check_notok.gif,082601130,A1779007318,CONTROL   UNIT   COMPLETE,,,,,,,2026-03-02 09:07:11
721086,check_notok.gif,082600519,A2239054110,DISTANCE SENSOR PARKING-SYSTEM LONG UNCOATED RADIA,,,,,,,2026-03-02 09:07:11
721086,check_notok.gif,082600795,A2239050005,DISTANCE SENSOR PARKING-SYSTEM LONG,,,,,,,2026-03-02 09:07:11
721086,check_notok.gif,092600381,A2239054110,DISTANCE SENSOR PARKING-SYSTEM LONG UNCOATED RADIA,,,,,,,2026-03-02 09:07:11
721113,check_notok.gif,092600383,A0005006300,COOLANT PUMP,,,,,,,2026-03-02 09:07:11
721113,check_notok.gif,092600487,A0005007600,COOLING AGENT PUMP 10-15W,,,,,,,2026-03-02 09:07:11
720947,check_notok.gif,082600267,A0009824027,STARTER BATTERY 48V Bosch,,,,,,,2026-03-02 09:07:11
721148,check_notok.gif,092601011,A6549003201,Control Unit OM 654,,,,,,,2026-03-02 09:07:11
721180,check_notok.gif,072601841,A0009007154,CU COMPL RADAR-SENSOR SHORT COLL.WARN.SYS,,,,,,,2026-03-02 09:07:11
721180,check_notok.gif,082600152,A0009006447,CU COMPL RADAR-SENSOR SHORT COLL.WARN.SYS,,,,,,,2026-03-02 09:07:11
721180,check_notok.gif,092600927,A0009007154,CU COMPL RADAR-SENSOR SHORT COLL.WARN.SYS,,,,,,,2026-03-02 09:07:11
721238,check_notok.gif,062601484,A7259064400,Position Sensor - Bosch,,,,,,,2026-03-02 09:07:11
721238,check_notok.gif,072601800,A7259064400,Position Sensor - Bosch,,,,,,,2026-03-02 09:07:11
721241,check_notok.gif,072601551,A2540701500,Injector Bosch HDEV-6,,,,,,,2026-03-02 09:07:11
721241,check_notok.gif,072601552,A2540701500,Injector Bosch HDEV-6,,,,,,,2026-03-02 09:07:11
721241,check_notok.gif,072601553,A2540701500,Injector Bosch HDEV-6,,,,,,,2026-03-02 09:07:11
721241,check_notok.gif,072601555,A2540701500,Injector Bosch HDEV-6,,,,,,,2026-03-02 09:07:11
721088,check_notok.gif,092600400,A2239054210,DISTANCE SENSOR PARKING-SYSTEM LONG COATED RADIAL,,,,,,,2026-03-02 09:07:11
721029,check_notok.gif,062601528,A7255460500,cable position sensor e-engine Bosch,,,,,,,2026-03-02 09:07:11
721029,check_notok.gif,072601794,A7255460500,cable position sensor e-engine Bosch,,,,,,,2026-03-02 09:07:11
721305,check_notok.gif,092600103,A6540700300,Injektor Bosch,,,,,,,2026-03-02 09:07:11
721307,check_notok.gif,082600780,A2149007618,LU STG VST HEADUNIT A-PREMIUM ECE,,,,,,,2026-03-02 09:07:11
721287,check_notok.gif,092601541,A7259820103,Propmagnet NAG3 Bosch,,,,,,,2026-03-02 09:07:11
721368,check_notok.gif,082600099,A2443404000,eATS 1.6 Bosch,,,,,,,2026-03-02 09:07:11
721370,check_notok.gif,092600043,A2149006112,CU COMPL AIRBAG BR214,,,,,,,2026-03-02 09:07:11
721381,check_notok.gif,092600023,A2064704701,FUEL DELIVERY MODULE DIESEL,,,,,,,2026-03-02 09:07:11
717977,check_notok.gif,472500287,A7259064400,Position Sensor - Bosch,,,,,,,2026-03-02 09:07:11
717977,check_ok.gif,482501313,A7259064400,Position Sensor - Bosch,,,,,,,2026-03-02 09:07:11
